binomial,Full.name,redlistCategory,LL
Aciagrion_migratum,"Aciagrion migratum (Selys, 1876)",Least Concern,Lentic
Acisoma_inflatum,"Acisoma inflatum (Selys, 1871)",Least Concern,Lentic
Acisoma_panorpoides,"Acisoma panorpoides Rambur, 1842",Least Concern,Lentic
Acisoma_variegatum,"Acisoma variegatum Kirby, 1898",Least Concern,Lentic
Aeschnophlebia_anisoptera,NA,NA,Lentic
Aeschnophlebia_longistigma,"Aeschnophlebia longistigma Selys, 1883",Least Concern,Lentic
Aeshna_affinis,"Aeshna affinis Vander Linden, 1820",Least Concern,Lentic
Aeshna_caerulea,"Aeshna caerulea (Ström, 1783)",Least Concern,Lentic
Aeshna_crenata,"Aeshna crenata Hagen, 1856",Least Concern,Lentic
Aeshna_cyanea,"Aeshna cyanea (Müller, 1764)",Least Concern,Lentic
Aeshna_grandis,"Aeshna grandis (Linnaeus, 1758)",Least Concern,Lentic
Aeshna_isoceles,"Aeshna isoceles (Müller, 1767)",Least Concern,Lentic
Aeshna_juncea,"Aeshna juncea (Linnaeus, 1758)",Least Concern,Lentic
Aeshna_mixta,"Aeshna mixta Latreille, 1805",Least Concern,Lentic
Aeshna_serrata,"Aeshna serrata Hagen, 1856",Least Concern,Lentic
Aeshna_subarctica,"Aeshna subarctica Walker, 1908",Least Concern,Lentic
Aeshna_vercanica,"Aeshna vercanica Schneider, Schneider, Schneider, Verstraete & Dumont, 2015",Least Concern,Lentic
Aeshna_viridis,"Aeshna viridis Eversmann, 1836",Least Concern,Lentic
Agriocnemis_femina,"Agriocnemis femina (Brauer, 1868)",Least Concern,Lentic
Agriocnemis_pygmaea,"Agriocnemis pygmaea (Rambur, 1842)",Least Concern,Lentic
Agriocnemis_sania,"Agriocnemis sania Nielsen, 1959",Least Concern,Lentic
Agrionoptera_insignis,"Agrionoptera insignis (Rambur, 1842)",Least Concern,Lentic
Anaciaeschna_jaspidea,"Anaciaeschna jaspidea (Burmeister, 1839)",Least Concern,Lentic
Anaciaeschna_martini,"Anaciaeschna martini (Selys, 1897)",Least Concern,Lentic
Anax_ephippiger,"Anax ephippiger (Burmeister, 1839)",Least Concern,Lentic
Anax_guttatus,"Anax guttatus (Burmeister, 1839)",Least Concern,Lentic
Anax_immaculifrons,"Anax immaculifrons Rambur, 1842",Least Concern,Lotic
Anax_imperator,"Anax imperator Leach in Brewster, 1815",Least Concern,Lentic
Anax_junius,"Anax junius (Drury, 1773)",Least Concern,Lentic
Anax_nigrofasciatus,"Anax nigrofasciatus Oguma, 1915",Least Concern,Lentic
Anax_panybeus,"Anax panybeus Hagen, 1867",Least Concern,Lentic
Anax_parthenope,"Anax parthenope (Selys, 1839)",Least Concern,Lentic
Anax_speratus,"Anax speratus Hagen, 1867",Least Concern,Lotic
Anax_tristis,"Anax tristis Hagen, 1867",Least Concern,Lentic
Anisogomphus_maacki,"Anisogomphus maacki (Selys in Selys & McLachlan, 1872)",Least Concern,Lotic
Anormogomphus_kiritshenkoi,"Anormogomphus kiritshenkoi Bartenev, 1913",Near Threatened,Lotic
Anotogaster_klossi,"Anotogaster klossi Fraser, 1919",Data Deficient,Lotic
Anotogaster_sieboldii,"Anotogaster sieboldii (Selys, 1854)",Least Concern,Lotic
Arabicnemis_caerulea,"Arabicnemis caerulea Waterston, 1984",Least Concern,Lotic
Arabineura_khalidi,"Arabineura khalidi (Schneider, 1988)",Endangered,Lotic
Asiagomphus_amamiensis,"Asiagomphus amamiensis (Asahina, 1962)",Near Threatened,Lotic
Asiagomphus_coreanus,"Asiagomphus coreanus (Doi & Okumura, 1937)",Endangered,Lotic
Asiagomphus_melaenops,NA,NA,Lotic
Asiagomphus_melanopsoides,"Asiagomphus melanopsoides (Doi, 1943)",Data Deficient,Lotic
Asiagomphus_pryeri,NA,NA,Lotic
Atrocalopteryx_atrata,"Atrocalopteryx atrata (Selys, 1853)",Least Concern,Lotic
Azuragrion_granti,"Azuragrion granti (McLachlan, 1903)",Near Threatened,Lotic
Azuragrion_nigridorsum,"Azuragrion nigridorsum (Selys, 1876)",Least Concern,Lentic
Azuragrion_somalicum,"Azuragrion somalicum (Longfield, 1931)",Least Concern,Lentic
Azuragrion_vansomereni,"Azuragrion vansomereni (Pinhey, 1955)",Least Concern,Lentic
Boyeria_cretensis,"Boyeria cretensis Peters, 1991",Endangered,Lotic
Boyeria_irene,"Boyeria irene (Fonscolombe, 1838)",Least Concern,Lotic
Boyeria_karubei,"Boyeria karubei Yokoi, 2002",Least Concern,Lotic
Boyeria_maclachlani,NA,NA,Lotic
Brachydiplax_chalybea,"Brachydiplax chalybea Brauer, 1868",Least Concern,Lentic
Brachythemis_contaminata,"Brachythemis contaminata (Fabricius, 1793)",Least Concern,Lentic
Brachythemis_fuscopalliata,"Brachythemis fuscopalliata (Selys, 1887)",Vulnerable,Lentic
Brachythemis_impartita,"Brachythemis impartita (Karsch, 1890)",Least Concern,Lentic
Brachytron_pratense,"Brachytron pratense (Müller, 1764)",Least Concern,Lentic
Burmagomphus_collaris,"Burmagomphus collaris (Needham, 1930)",Least Concern,Lotic
Caliaeschna_microstigma,"Caliaeschna microstigma (Schneider, 1845)",Least Concern,Lotic
Calopteryx_cornelia,"Calopteryx cornelia Selys, 1853",Least Concern,Lotic
Calopteryx_exul,"Calopteryx exul Selys, 1853",Endangered,Lotic
Calopteryx_haemorrhoidalis,"Calopteryx haemorrhoidalis (Vander Linden, 1825)",Least Concern,Lotic
Calopteryx_hyalina,"Calopteryx hyalina Martin, 1909",Endangered,Lotic
Calopteryx_japonica,"Calopteryx japonica Selys, 1869",Least Concern,Lotic
Calopteryx_samarcandica,"Calopteryx samarcandica Bartenev, 1911",Least Concern,Lotic
Calopteryx_splendens,"Calopteryx splendens (Harris, 1780)",Least Concern,Lotic
Calopteryx_syriaca,"Calopteryx syriaca Gené in Rambur, 1842",Endangered,Lotic
Calopteryx_virgo,"Calopteryx virgo (Linnaeus, 1758)",Least Concern,Lotic
Calopteryx_xanthostoma,"Calopteryx xanthostoma (Charpentier, 1825)",Least Concern,Lotic
Ceriagrion_auranticum,"Ceriagrion auranticum Fraser, 1922",Least Concern,Lentic
Ceriagrion_georgifreyi,"Ceriagrion georgifreyi Schmidt, 1953",Endangered,Lotic
Ceriagrion_glabrum,"Ceriagrion glabrum (Burmeister, 1839)",Least Concern,Lentic
Ceriagrion_melanurum,"Ceriagrion melanurum Selys, 1876",Least Concern,Lentic
Ceriagrion_nipponicum,NA,NA,Lentic
Ceriagrion_tenellum,"Ceriagrion tenellum (de Villers, 1789)",Least Concern,Lentic
Chalcolestes_parvidens,"Chalcolestes parvidens (Artobolevskii, 1929)",Least Concern,Lentic
Chalcolestes_viridis,"Chalcolestes viridis (Vander Linden, 1820)",Least Concern,Lentic
Chlorogomphus_brunneus,NA,NA,Lotic
Chlorogomphus_iriomotensis,"Chlorogomphus iriomotensis Ishida, 1972",Least Concern,Lotic
Chlorogomphus_okinawensis,"Chlorogomphus okinawensis Ishida, 1964",Endangered,Lotic
Coeliccia_ryukyuensis,NA,NA,Lotic
Coenagrion_armatum,"Coenagrion armatum (Charpentier, 1840)",Least Concern,Lentic
Coenagrion_australocaspicum,"Coenagrion australocaspicum Dumont & Heidari, 1996",Data Deficient,Lentic
Coenagrion_caerulescens,"Coenagrion caerulescens (Fonscolombe, 1838)",Least Concern,Lotic
Coenagrion_ecornutum,"Coenagrion ecornutum (Selys in Selys & McLachlan, 1872)",Least Concern,Lentic
Coenagrion_glaciale,"Coenagrion glaciale (Hagen in Selys & McLachlan, 1872)",Least Concern,Lentic
Coenagrion_hastulatum,"Coenagrion hastulatum (Charpentier, 1825)",Least Concern,Lentic
Coenagrion_hylas,"Coenagrion hylas (Trybom, 1889)",Least Concern,Lentic
Coenagrion_intermedium,"Coenagrion intermedium Lohmann, 1990",Endangered,Lotic
Coenagrion_johanssoni,"Coenagrion johanssoni (Wallengren, 1894)",Least Concern,Lentic
Coenagrion_lanceolatum,NA,NA,Lentic
Coenagrion_lunulatum,"Coenagrion lunulatum (Charpentier, 1840)",Least Concern,Lentic
Coenagrion_mercuriale,"Coenagrion mercuriale (Charpentier, 1840)",Near Threatened,Lotic
Coenagrion_ornatum,"Coenagrion ornatum (Selys, 1850)",Least Concern,Lotic
Coenagrion_persicum,"Coenagrion persicum Lohmann, 1993",Data Deficient,Lotic
Coenagrion_ponticum,"Coenagrion ponticum (Bartenev, 1929)",Least Concern,Lentic
Coenagrion_puella,"Coenagrion puella (Linnaeus, 1758)",Least Concern,Lentic
Coenagrion_pulchellum,"Coenagrion pulchellum (Vander Linden, 1825)",Least Concern,Lentic
Coenagrion_scitulum,"Coenagrion scitulum (Rambur, 1842)",Least Concern,Lentic
Coenagrion_syriacum,"Coenagrion syriacum (Morton, 1924)",Near Threatened,Lentic
Coenagrion_terue,"Coenagrion terue (Asahina, 1949)",Least Concern,Lentic
Cordulia_aenea,"Cordulia aenea (Linnaeus, 1758)",Least Concern,Lentic
Crocothemis_erythraea,"Crocothemis erythraea (Brullé, 1832)",Least Concern,Lentic
Crocothemis_sanguinolenta,"Crocothemis sanguinolenta (Burmeister, 1839)",Least Concern,Lentic
Davidius_fujiama,NA,NA,Lotic
Davidius_lunatus,"Davidius lunatus (Bartenev, 1914)",Least Concern,Lotic
Davidius_moiwanus,NA,NA,Lotic
Davidius_nanus,"Davidius nanus (Selys, 1869)",Least Concern,Lotic
Deielia_phaon,"Deielia phaon (Selys, 1883)",Least Concern,Lentic
Diplacodes_lefebvrii,"Diplacodes lefebvrii (Rambur, 1842)",Least Concern,Lentic
Diplacodes_trivialis,"Diplacodes trivialis (Rambur, 1842)",Least Concern,Lentic
Enallagma_circulatum,"Enallagma circulatum Selys, 1883",Least Concern,Lentic
Enallagma_cyathigerum,"Enallagma cyathigerum (Charpentier, 1840)",Least Concern,Lentic
Enallagma_deserti,"Enallagma deserti (Selys, 1871)",Least Concern,Lentic
Epallage_fatime,"Epallage fatime (Charpentier, 1840)",Least Concern,Lotic
Epiophlebia_sinensis,NA,NA,Lotic
Epiophlebia_superstes,NA,NA,Lotic
Epitheca_bimaculata,"Epitheca bimaculata (Charpentier, 1825)",Least Concern,Lentic
Epitheca_marginata,"Epitheca marginata (Selys, 1883)",Least Concern,Lentic
Epophthalmia_elegans,"Epophthalmia elegans (Brauer, 1865)",Least Concern,Lentic
Erythromma_lindenii,"Erythromma lindenii (Selys, 1840)",Least Concern,Lentic
Erythromma_najas,"Erythromma najas (Hansemann, 1823)",Least Concern,Lentic
Erythromma_viridulum,"Erythromma viridulum (Charpentier, 1840)",Least Concern,Lentic
Gomphidia_confluens,"Gomphidia confluens Selys, 1878",Least Concern,Lotic
Gomphus_davidi,"Gomphus davidi Selys, 1887",Least Concern,lentic
Gomphus_graslinii,"Gomphus graslinii Rambur, 1842",Near Threatened,Lotic
Gomphus_kinzelbachi,"Gomphus kinzelbachi Schneider, 1984",Data Deficient,Lotic
Gomphus_lucasii,"Gomphus lucasii Selys in Lucas, 1849",Vulnerable,Lotic
Gomphus_pulchellus,"Gomphus pulchellus Selys, 1840",Least Concern,lentic
Gomphus_schneiderii,"Gomphus schneiderii Selys, 1850",Least Concern,Lotic
Gomphus_simillimus,"Gomphus simillimus Selys, 1840",Least Concern,Lotic
Gomphus_vulgatissimus,"Gomphus vulgatissimus (Linnaeus, 1758)",Least Concern,Lotic
Gynacantha_japonica,NA,NA,Lentic
Gynacantha_ryukyuensis,NA,NA,Lentic
Hemicordulia_mindana,"Hemicordulia mindana Needham & Gyger, 1937",Least Concern,lentic
Hemicordulia_okinawensis,"Hemicordulia okinawensis Asahina, 1947",Least Concern,Lentic
Hydrobasileus_croceus,"Hydrobasileus croceus (Brauer, 1867)",Least Concern,Lentic
Ictinogomphus_pertinax,"Ictinogomphus pertinax (Hagen in Selys, 1854)",Least Concern,lentic
Indolestes_peregrinus,"Indolestes peregrinus (Ris, 1916)",Least Concern,Lentic
Ischnura_aralensis,"Ischnura aralensis Haritonov, 1979",Near Threatened,Lentic
Ischnura_asiatica,NA,NA,Lentic
Ischnura_aurora,"Ischnura aurora (Brauer, 1865)",Least Concern,Lentic
Ischnura_elegans,"Ischnura elegans (Vander Linden, 1820)",Least Concern,Lentic
Ischnura_evansi,"Ischnura evansi Morton, 1919",Least Concern,Lentic
Ischnura_forcipata,"Ischnura forcipata Morton, 1907",Least Concern,Lentic
Ischnura_fountaineae,"Ischnura fountaineae Morton, 1905",Least Concern,Lentic
Ischnura_genei,"Ischnura genei (Rambur, 1842)",Least Concern,Lentic
Ischnura_graellsii,"Ischnura graellsii (Rambur, 1842)",Least Concern,Lentic
Ischnura_hastata,"Ischnura hastata (Say, 1840)",Least Concern,Lentic
Ischnura_intermedia,"Ischnura intermedia Dumont, 1974",Near Threatened,Lotic
Ischnura_nursei,"Ischnura nursei Morton, 1907",Least Concern,Lentic
Ischnura_pumilio,"Ischnura pumilio (Charpentier, 1825)",Least Concern,Lentic
Ischnura_rubilio,NA,NA,Lentic
Ischnura_saharensis,"Ischnura saharensis Aguesse, 1958",Least Concern,Lentic
Ischnura_senegalensis,"Ischnura senegalensis (Rambur, 1842)",Least Concern,Lentic
Lamelligomphus_ringens,"Lamelligomphus ringens (Needham, 1930)",Least Concern,Lotic
Lanthus_fujiacus,NA,NA,Lotic
Lathrecista_asiatica,"Lathrecista asiatica (Fabricius, 1798)",Least Concern,Lentic
Lestes_barbarus,"Lestes barbarus (Fabricius, 1798)",Least Concern,Lentic
Lestes_concinnus,"Lestes concinnus Hagen in Selys, 1862",Least Concern,Lentic
Lestes_dryas,"Lestes dryas Kirby, 1890",Least Concern,Lentic
Lestes_macrostigma,"Lestes macrostigma (Eversmann, 1836)",Least Concern,Lentic
Lestes_numidicus,"Lestes numidicus Samraoui, Weekers & Dumont, 2003",Data Deficient,Lentic
Lestes_pallidus,"Lestes pallidus Rambur, 1842",Least Concern,Lentic
Lestes_sponsa,"Lestes sponsa (Hansemann, 1823)",Least Concern,Lentic
Lestes_stultus,"Lestes stultus Hagen, 1861",Least Concern,Lentic
Lestes_temporalis,"Lestes temporalis Selys, 1883",Least Concern,Lentic
Lestes_virens,"Lestes virens (Charpentier, 1825)",Least Concern,Lentic
Leucorrhinia_albifrons,"Leucorrhinia albifrons (Burmeister, 1839)",Least Concern,Lentic
Leucorrhinia_caudalis,"Leucorrhinia caudalis (Charpentier, 1840)",Least Concern,Lentic
Leucorrhinia_dubia,"Leucorrhinia dubia (Vander Linden, 1825)",Least Concern,Lentic
Leucorrhinia_intermedia,"Leucorrhinia intermedia Bartenev, 1912",Least Concern,Lentic
Leucorrhinia_pectoralis,"Leucorrhinia pectoralis (Charpentier, 1825)",Least Concern,Lentic
Leucorrhinia_rubicunda,"Leucorrhinia rubicunda (Linnaeus, 1758)",Least Concern,Lentic
Libellula_angelina,"Libellula angelina Selys, 1883",Critically Endangered,Lentic
Libellula_depressa,"Libellula depressa Linnaeus, 1758",Least Concern,Lentic
Libellula_fulva,"Libellula fulva Müller, 1764",Least Concern,Lentic
Libellula_pontica,"Libellula pontica Selys, 1887",Near Threatened,Lentic
Libellula_quadrimaculata,"Libellula quadrimaculata Linnaeus, 1758",Least Concern,Lentic
Lindenia_tetraphylla,"Lindenia tetraphylla (Vander Linden, 1825)",Least Concern,lentic
Lyriothemis_elegantissima,"Lyriothemis elegantissima Selys, 1883",Least Concern,Lentic
Lyriothemis_pachygastra,"Lyriothemis pachygastra (Selys, 1878)",Least Concern,Lentic
Macrodiplax_cora,"Macrodiplax cora (Brauer, 1867)",Least Concern,Lentic
Macromia_amphigena,"Macromia amphigena Selys, 1871",Least Concern,Lotic
Macromia_clio,"Macromia clio Ris, 1916",Least Concern,Lotic
Macromia_daimoji,"Macromia daimoji Okumura, 1949",Least Concern,Lotic
Macromia_kubokaiya,"Macromia kubokaiya Asahina, 1964",Endangered,Lotic
Macromia_manchurica,"Macromia manchurica Asahina, 1964",Least Concern,Lotic
Macromia_splendens,"Macromia splendens (Pictet, 1843)",Vulnerable,Lotic
Macromia_urania,"Macromia urania Ris, 1916",Least Concern,Lotic
Macromidia_ishidai,"Macromidia ishidai Asahina, 1964",Least Concern,Lotic
Matrona_japonica,"Matrona japonica Förster, 1897",Endangered,Lotic
Melligomphus_viridicostus,NA,NA,Lotic
Mesocnemis_robusta,"Mesocnemis robusta (Selys, 1886)",Least Concern,Lotic
Mnais_costalis,NA,NA,Lotic
Mnais_pruinosa,"Mnais pruinosa Selys, 1853",Least Concern,Lotic
Mortonagrion_hirosei,"Mortonagrion hirosei Asahina, 1972",Near Threatened,Lentic
Mortonagrion_selenion,"Mortonagrion selenion (Ris, 1916)",Near Threatened,Lentic
Nannophya_pygmaea,"Nannophya pygmaea Rambur, 1842",Least Concern,Lentic
Nehalennia_speciosa,"Nehalennia speciosa (Charpentier, 1840)",Vulnerable,Lentic
Nesciothemis_farinosa,"Nesciothemis farinosa (Förster, 1898)",Least Concern,Lentic
Neurothemis_fluctuans,"Neurothemis fluctuans (Fabricius, 1793)",Least Concern,Lentic
Neurothemis_ramburii,"Neurothemis ramburii (Brauer, 1866)",Least Concern,Lentic
Neurothemis_terminata,"Neurothemis terminata Ris, 1911",Least Concern,Lentic
Nihonogomphus_ruptus,"Nihonogomphus ruptus (Selys, 1858)",Least Concern,Lotic
Nihonogomphus_viridis,"Nihonogomphus viridis Oguma, 1926",Least Concern,Lotic
Onychogomphus_assimilis,"Onychogomphus assimilis (Schneider, 1845)",Vulnerable,Lotic
Onychogomphus_boudoti,"Onychogomphus boudoti Ferreira, 2014",Critically Endangered,Lotic
Onychogomphus_cazuma,"Onychogomphus cazuma Barona, Cardo & Díaz, 2020",Vulnerable,Lotic
Onychogomphus_costae,"Onychogomphus costae Selys, 1885",Near Threatened,Lotic
Onychogomphus_flexuosus,"Onychogomphus flexuosus (Schneider, 1845)",Vulnerable,Lotic
Onychogomphus_forcipatus,"Onychogomphus forcipatus (Linnaeus, 1758)",Least Concern,Lotic
Onychogomphus_lefebvrii,"Onychogomphus lefebvrii (Rambur, 1842)",Least Concern,Lotic
Onychogomphus_macrodon,"Onychogomphus macrodon Selys, 1887",Vulnerable,Lotic
Onychogomphus_uncatus,"Onychogomphus uncatus (Charpentier, 1840)",Least Concern,Lotic
Ophiogomphus_cecilia,"Ophiogomphus cecilia (Geoffroy in Fourcroy, 1785)",Least Concern,Lotic
Ophiogomphus_obscurus,"Ophiogomphus obscurus Bartenev, 1909",Least Concern,Lotic
Ophiogomphus_reductus,"Ophiogomphus reductus Calvert, 1898",Least Concern,Lotic
Ophiogomphus_spinicornis,"Ophiogomphus spinicornis Selys, 1878",Least Concern,Lotic
Orthetrum_abbotti,"Orthetrum abbotti Calvert, 1892",Least Concern,Lentic
Orthetrum_albistylum,"Orthetrum albistylum (Selys, 1848)",Least Concern,Lentic
Orthetrum_brachiale,"Orthetrum brachiale (Palisot de Beauvois, 1817)",Least Concern,Lentic
Orthetrum_brunneum,"Orthetrum brunneum (Fonscolombe, 1837)",Least Concern,Lotic
Orthetrum_caffrum,"Orthetrum caffrum (Burmeister, 1839)",Least Concern,Lentic
Orthetrum_cancellatum,"Orthetrum cancellatum (Linnaeus, 1758)",Least Concern,Lentic
Orthetrum_chrysostigma,"Orthetrum chrysostigma (Burmeister, 1839)",Least Concern,Lentic
Orthetrum_coerulescens,"Orthetrum coerulescens (Fabricius, 1798)",Least Concern,Lotic
Orthetrum_glaucum,"Orthetrum glaucum (Brauer, 1865)",Least Concern,Lentic
Orthetrum_internum,NA,NA,Lentic
Orthetrum_japonicum,"Orthetrum japonicum (Uhler, 1858)",Least Concern,Lentic
Orthetrum_julia,"Orthetrum julia Kirby, 1900",Least Concern,Lotic
Orthetrum_lineostigma,"Orthetrum lineostigma (Selys, 1886)",Least Concern,Lotic
Orthetrum_luzonicum,"Orthetrum luzonicum (Brauer, 1868)",Least Concern,Lentic
Orthetrum_machadoi,"Orthetrum machadoi Longfield, 1955",Least Concern,Lentic
Orthetrum_melania,"Orthetrum melania (Selys, 1883)",Least Concern,Lentic
Orthetrum_nitidinerve,"Orthetrum nitidinerve (Selys, 1841)",Near Threatened,Lotic
Orthetrum_poecilops,"Orthetrum poecilops Ris, 1916",Vulnerable,Lentic
Orthetrum_pruinosum,"Orthetrum pruinosum (Hangenberg in Burmeister, 1839)",Least Concern,Lentic
Orthetrum_ransonnetii,"Orthetrum ransonnetii (Brauer, 1865)",Least Concern,Lotic
Orthetrum_sabina,"Orthetrum sabina (Drury, 1773)",Least Concern,Lentic
Orthetrum_taeniolatum,"Orthetrum taeniolatum (Schneider, 1845)",Least Concern,Lentic
Orthetrum_trinacria,"Orthetrum trinacria (Selys, 1841)",Least Concern,Lentic
Oxygastra_curtisii,"Oxygastra curtisii (Dale, 1834)",Least Concern,Lotic
Palpopleura_deceptor,"Palpopleura deceptor (Calvert, 1899)",Least Concern,Lentic
Pantala_flavescens,"Pantala flavescens (Fabricius, 1798)",Least Concern,Lentic
Paracercion_calamorum,"Paracercion calamorum (Ris, 1916)",Least Concern,Lentic
Paracercion_hieroglyphicum,NA,NA,Lentic
Paracercion_melanotum,"Paracercion melanotum (Selys, 1876)",Least Concern,Lentic
Paracercion_plagiosum,"Paracercion plagiosum (Needham, 1930)",Near Threatened,Lentic
Paracercion_sieboldii,NA,NA,Lentic
Paracercion_v-nigrum,"Paracercion v-nigrum (Needham, 1930)",Least Concern,Lentic
Paragomphus_genei,"Paragomphus genei (Selys, 1841)",Least Concern,Lentic
Paragomphus_lineatus,"Paragomphus lineatus (Selys, 1850)",Least Concern,Lentic
Paragomphus_pumilio,"Paragomphus pumilio (Rambur, 1842)",Least Concern,Lentic
Paragomphus_sinaiticus,"Paragomphus sinaiticus (Morton, 1929)",Least Concern,Lotic
Pinheyschna_yemenensis,"Pinheyschna yemenensis (Waterston, 1985)",Vulnerable,Lotic
Planaeschna_ishigakiana,NA,NA,Lotic
Planaeschna_milnei,"Planaeschna milnei (Selys, 1883)",Least Concern,Lotic
Planaeschna_risi,"Planaeschna risi Asahina, 1964",Least Concern,Lotic
Platycnemis_acutipennis,"Platycnemis acutipennis Selys, 1841",Least Concern,Lotic
Platycnemis_dealbata,"Platycnemis dealbata Selys, 1850",Least Concern,Lotic
Platycnemis_echigoana,NA,NA,Lotic
Platycnemis_foliacea,NA,NA,Lotic
Platycnemis_kervillei,"Platycnemis kervillei (Martin, 1909)",Least Concern,Lotic
Platycnemis_latipes,"Platycnemis latipes Rambur, 1842",Least Concern,Lotic
Platycnemis_pennipes,"Platycnemis pennipes (Pallas, 1771)",Least Concern,Lotic
Platycnemis_phyllopoda,"Platycnemis phyllopoda Djakonov, 1926",Least Concern,Lotic
Platycnemis_subdilatata,"Platycnemis subdilatata Selys in Lucas, 1849",Least Concern,Lotic
Polycanthagyna_melanictera,"Polycanthagyna melanictera (Selys, 1883)",Least Concern,Lentic
Pseudagrion_arabicum,"Pseudagrion arabicum Waterston, 1980",Endangered,Lotic
Pseudagrion_decorum,"Pseudagrion decorum (Rambur, 1842)",Least Concern,Lentic
Pseudagrion_hamoni,"Pseudagrion hamoni Fraser, 1955",Least Concern,Lentic
Pseudagrion_kersteni,"Pseudagrion kersteni (Gerstäcker, 1869)",Least Concern,Lotic
Pseudagrion_laidlawi,"Pseudagrion laidlawi Fraser, 1922",Least Concern,Lotic
Pseudagrion_microcephalum,"Pseudagrion microcephalum (Rambur, 1842)",Least Concern,Lentic
Pseudagrion_niloticum,"Pseudagrion niloticum Dumont, 1978",Least Concern,Lotic
Pseudagrion_nubicum,"Pseudagrion nubicum Selys, 1876",Least Concern,Lentic
Pseudagrion_pilidorsum,"Pseudagrion pilidorsum (Brauer, 1868)",Least Concern,Lentic
Pseudagrion_sublacteum,"Pseudagrion sublacteum (Karsch, 1893)",Least Concern,Lotic
Pseudagrion_syriacum,"Pseudagrion syriacum Selys, 1887",Least Concern,Lotic
Pseudagrion_torridum,"Pseudagrion torridum Selys, 1876",Least Concern,Lentic
Pseudocopera_annulata,"Pseudocopera annulata (Selys, 1863)",Least Concern,Lentic
Pseudocopera_rubripes,"Pseudocopera rubripes (Navás, 1934)",Data Deficient,Lentic
Pseudothemis_zonata,"Pseudothemis zonata (Burmeister, 1839)",Least Concern,Lentic
Psolodesmus_kuroiwae,NA,NA,Lotic
Pyrrhosoma_elisabethae,"Pyrrhosoma elisabethae Schmidt, 1948",Endangered,Lentic
Pyrrhosoma_nymphula,"Pyrrhosoma nymphula (Sulzer, 1776)",Least Concern,Lentic
Rhinocypha_uenoi,"Rhinocypha uenoi Asahina, 1964",Endangered,Lotic
Rhipidolestes_amamiensis,NA,NA,Lotic
Rhipidolestes_asatoi,"Rhipidolestes asatoi Asahina, 1994",Least Concern,Lotic
Rhipidolestes_hiraoi,NA,NA,Lotic
Rhipidolestes_okinawanus,"Rhipidolestes okinawanus Asahina, 1951",Endangered,Lotic
Rhipidolestes_shozoi,NA,NA,Lotic
Rhipidolestes_yakusimensis,NA,NA,Lotic
Rhyothemis_fuliginosa,"Rhyothemis fuliginosa Selys, 1883",Least Concern,Lentic
Rhyothemis_phyllis,"Rhyothemis phyllis (Sulzer, 1776)",Least Concern,Lentic
Rhyothemis_regia,"Rhyothemis regia (Brauer, 1867)",Least Concern,Lentic
Rhyothemis_semihyalina,"Rhyothemis semihyalina (Desjardins, 1835)",Least Concern,Lentic
Rhyothemis_severini,NA,NA,Lentic
Rhyothemis_variegata,"Rhyothemis variegata (Linnaeus, 1763)",Least Concern,Lentic
Sarasaeschna_kunigamiensis,"Sarasaeschna kunigamiensis (Ishida, 1972)",Least Concern,Lotic
Sarasaeschna_pryeri,"Sarasaeschna pryeri (Martin, 1909)",Least Concern,Lentic
Selysiothemis_nigra,"Selysiothemis nigra (Vander Linden, 1825)",Least Concern,Lentic
Shaogomphus_postocularis,"Shaogomphus postocularis (Selys, 1869)",Least Concern,Lotic
Shaogomphus_schmidti,"Shaogomphus schmidti (Asahina, 1956)",Data Deficient,Lotic
Sieboldius_albardae,"Sieboldius albardae Selys, 1886",Least Concern,Lotic
Sinictinogomphus_clavatus,"Sinictinogomphus clavatus (Fabricius, 1775)",Least Concern,Lentic
Sinogomphus_flavolimbatus,NA,NA,Lotic
Somatochlora_alpestris,"Somatochlora alpestris (Selys, 1840)",Least Concern,Lentic
Somatochlora_arctica,"Somatochlora arctica (Zetterstedt, 1840)",Least Concern,Lentic
Somatochlora_borisi,NA,NA,NA
Somatochlora_clavata,NA,NA,Lotic
Somatochlora_dido,"Somatochlora dido Needham, 1930",Least Concern,
Somatochlora_exuberata,"Somatochlora exuberata Bartenev, 1910",Least Concern,Lotic
Somatochlora_flavomaculata,"Somatochlora flavomaculata (Vander Linden, 1825)",Least Concern,Lentic
Somatochlora_graeseri,"Somatochlora graeseri Selys, 1887",Least Concern,Lentic
Somatochlora_meridionalis,"Somatochlora meridionalis Nielsen, 1935",Least Concern,Lotic
Somatochlora_metallica,"Somatochlora metallica (Vander Linden, 1825)",Least Concern,Lentic
Somatochlora_sahlbergi,"Somatochlora sahlbergi Trybom, 1889",Least Concern,Lentic
Somatochlora_uchidai,"Somatochlora uchidai Förster, 1909",Least Concern,Lentic
Somatochlora_viridiaenea,"Somatochlora viridiaenea (Uhler, 1858)",Least Concern,Lentic
Somatochlora_whitehousei,"Somatochlora whitehousei Walker, 1925",Least Concern,
Stylogomphus_ryukyuanus,NA,NA,Lotic
Stylogomphus_suzukii,"Stylogomphus suzukii (Matsumura in Oguma, 1926)",Least Concern,Lotic
Stylurus_annulatus,"Stylurus annulatus (Djakonov, 1926)",Least Concern,Lentic
Stylurus_flavipes,"Stylurus flavipes (Charpentier, 1825)",Least Concern,Lotic
Stylurus_nagoyanus,"Stylurus nagoyanus Asahina, 1951",Near Threatened,Lotic
Stylurus_occultus,"Stylurus occultus (Selys, 1878)",Data Deficient,Lotic
Stylurus_oculatus,"Stylurus oculatus (Asahina, 1949)",Near Threatened,Lentic
Stylurus_ubadschii,"Stylurus ubadschii (Schmidt, 1953)",Data Deficient,Lotic
Sympecma_fusca,"Sympecma fusca (Vander Linden, 1820)",Least Concern,Lentic
Sympecma_gobica,"Sympecma gobica Förster, 1900",Least Concern,Lentic
Sympecma_paedisca,"Sympecma paedisca (Brauer, 1877)",Least Concern,Lentic
Sympetrum_arenicolor,"Sympetrum arenicolor Jödicke, 1994 ",Least Concern,Lotic
Sympetrum_baccha,"Sympetrum baccha (Selys, 1884)",Least Concern,Lentic
Sympetrum_cordulegaster,"Sympetrum cordulegaster (Selys, 1883)",Least Concern,Lentic
Sympetrum_croceolum,"Sympetrum croceolum (Selys, 1883)",Least Concern,Lentic
Sympetrum_danae,"Sympetrum danae (Sulzer, 1776)",Least Concern,Lentic
Sympetrum_darwinianum,"Sympetrum darwinianum (Selys, 1883)",Least Concern,Lentic
Sympetrum_depressiusculum,"Sympetrum depressiusculum (Selys, 1841)",Least Concern,Lentic
Sympetrum_eroticum,"Sympetrum eroticum (Selys, 1883)",Least Concern,Lentic
Sympetrum_flaveolum,"Sympetrum flaveolum (Linnaeus, 1758)",Least Concern,Lentic
Sympetrum_fonscolombii,"Sympetrum fonscolombii (Selys, 1840)",Least Concern,Lentic
Sympetrum_frequens,NA,NA,Lentic
Sympetrum_gracile,"Sympetrum gracile Oguma, 1915",Vulnerable,Lentic
Sympetrum_haritonovi,"Sympetrum haritonovi Borisov, 1983",Least Concern,Lotic
Sympetrum_infuscatum,"Sympetrum infuscatum (Selys, 1883)",Least Concern,Lentic
Sympetrum_kunckeli,"Sympetrum kunckeli (Selys, 1884)",Least Concern,Lentic
Sympetrum_maculatum,"Sympetrum maculatum Oguma, 1922",Endangered,Lentic
Sympetrum_meridionale,"Sympetrum meridionale (Selys, 1841)",Least Concern,Lentic
Sympetrum_nigrifemur,"Sympetrum nigrifemur (Selys, 1884)",Least Concern,Lentic
Sympetrum_parvulum,"Sympetrum parvulum (Bartenev, 1912)",Least Concern,Lentic
Sympetrum_pedemontanum,"Sympetrum pedemontanum (Müller in Allioni, 1766)",Least Concern,Lentic
Sympetrum_risi,NA,NA,Lentic
Sympetrum_sanguineum,"Sympetrum sanguineum (Müller, 1764)",Least Concern,Lentic
Sympetrum_sinaiticum,"Sympetrum sinaiticum Dumont, 1977",Least Concern,Lentic
Sympetrum_speciosum,NA,NA,Lentic
Sympetrum_striolatum,"Sympetrum striolatum (Charpentier, 1840)",Least Concern,Lentic
Sympetrum_tibiale,"Sympetrum tibiale (Ris, 1897)",Least Concern,Lentic
Sympetrum_uniforme,"Sympetrum uniforme (Selys, 1883)",Least Concern,Lentic
Sympetrum_vulgatum,"Sympetrum vulgatum (Linnaeus, 1758)",Least Concern,Lentic
Tanypteryx_pryeri,NA,NA,Lotic
Tholymis_tillarga,"Tholymis tillarga (Fabricius, 1798)",Least Concern,Lentic
Tramea_basilaris,"Tramea basilaris (Palisot de Beauvois, 1817)",Least Concern,Lentic
Tramea_limbata,"Tramea limbata (Desjardins, 1835)",Least Concern,Lentic
Tramea_loewii,"Tramea loewii Kaup in Brauer, 1866",Least Concern,Lentic
Tramea_transmarina,"Tramea transmarina Brauer, 1867",Least Concern,Lentic
Tramea_virginia,"Tramea virginia (Rambur, 1842)",Least Concern,Lentic
Trigomphus_citimus,"Trigomphus citimus (Needham, 1931)",Least Concern,Lentic
Trigomphus_interruptus,NA,NA,lentic
Trigomphus_melampus,NA,NA,lentic
Trigomphus_nigripes,"Trigomphus nigripes (Selys, 1887)",Least Concern,Lentic
Trigomphus_ogumai,NA,NA,lentic
Trithemis_annulata,"Trithemis annulata (Palisot de Beauvois, 1807)",Least Concern,Lentic
Trithemis_arteriosa,"Trithemis arteriosa (Burmeister, 1839)",Least Concern,Lentic
Trithemis_aurora,"Trithemis aurora (Burmeister, 1839)",Least Concern,Lentic
Trithemis_dejouxi,"Trithemis dejouxi Pinhey, 1978",Least Concern,Lotic
Trithemis_festiva,"Trithemis festiva (Rambur, 1842)",Least Concern,Lentic
Trithemis_furva,"Trithemis furva Karsch, 1899",Least Concern,Lotic
Trithemis_kirbyi,"Trithemis kirbyi Selys, 1891",Least Concern,Lentic
Trithemis_pallidinervis,"Trithemis pallidinervis (Kirby, 1889)",Least Concern,Lentic
Urothemis_assignata,"Urothemis assignata (Selys, 1872)",Least Concern,Lentic
Urothemis_edwardsii,"Urothemis edwardsii (Selys in Lucas, 1849)",Least Concern,Lentic
Urothemis_thomasi,"Urothemis thomasi Longfield, 1932",Endangered,Lentic
Zygonyx_torridus,"Zygonyx torridus (Kirby, 1889)",Least Concern,Lotic
Zyxomma_obtusum,NA,NA,Lentic
Zyxomma_petiolatum,"Zyxomma petiolatum Rambur, 1842",Least Concern,Lentic
Asiagomphus_yayeyamensis,"Asiagomphus yayeyamensis (Matsumura in Oguma, 1926)",Endangered,Lotic
Bayadera_ishigakiana,"Bayadera ishigakiana Asahina, 1964",Endangered,Lotic
Coeliccia_flavicauda,"Coeliccia flavicauda Ris, 1912",Least Concern,Lotic
Euphaea_yayeyamana,NA,NA,Lotic
Leptogomphus_yayeyamensis,"Leptogomphus yayeyamensis Matsumura in Oguma, 1926",Least Concern,Lotic
Rhipidolestes_aculeatus,NA,NA,Lotic
Stylogomphus_shirozui,NA,NA,Lotic
